{"id_product":{"1":6,"2":11,"3":12,"4":187,"5":764,"6":13,"7":188,"8":189,"9":197,"10":198},"product":{"1":"product_#02-105","2":"product_#02-184","3":"product_#02-199","4":"product_#30-648","5":"product_#44-063","6":"product_#02-207","7":"product_#30-773","8":"product_#30-971","9":"product_#32-740","10":"product_#32-741"},"similarity":{"1":0.9548637106,"2":0.9525009525,"3":0.9525009525,"4":0.9525009525,"5":0.9240616555,"6":0.9207509208,"7":0.9207509208,"8":0.9207509208,"9":0.889000889,"10":0.889000889}}